800-501318-05A,,-2,,,,
800-501318-06A,,,,,,
800-501182,,0,,,,
800-501182-01A,,,,,,
800-501659-03A,,,,,,
800-501205,,25,,,,
800-501193,,,,,,
800-501258,,,,,,
800-500143,,,,,,
800-501728-01A,,63,,,,
800-500144,1-E-1,3,,,,
800-501095,,,,,,
800-502736-01A,,,,,,
800-501313-01A,,,,,,
800-501109,,,,,,
800-501082,,20,,,,
800-501096,,,,,,
800-500680,,,,,,
800-501097,,,,,,
800-500146,1-A-2,22,,,,
800-502737-01A,,,,,,
800-501280,,,,,,
800-500147,,,,,,
800-502808-01A,,,,,,
800-500145,1-F-1,12,,,,
800-501314-01A,,,,,,
800-501851-01A,,,,,,
800-501748-02A,,25,,,,
800-500960-01A,,,,,,
800-500943,,,,,,
800-501850-03A,,,,,,
800-500944,,,,,,
800-501750-03A,,,,,,
800-501038,,,,,,
800-500945,,,,,,
800-501751-02A,,23,,,,
800-500946,,,,,,
800-501752-02A,,,,,,
800-501752-03A,,,,,,
800-502748-03A,,,,,,
800-501469-01A,,,,,,
800-501470-01A,,,,,,
800-501471-01A,,,,,,
800-501138,,,,,,
800-501697-01A,,,,,,
800-502748-01A,,,,,,
800-502748-02A,,,,,,
800-501151,,,,,,
800-501696-01A,,,,,,
800-500918,4-E-3,29,,,,
800-501024,,,,,,
800-501139,,,,,,
800-501166,,8,,,,
800-501140,,,,,,
800-501166-01A,,,,,,
800-502789-01A,,,,,,
800-501106-01A,,,,,,
800-501146-01,,,,,,
800-501295,,,,,,
800-501146,,,,,,
800-501358-01A,,23,,,,
800-501421-01A,,,,,,
800-501146-02,,,,,,
800-501318-04A,,,,,,
800-500301,,83,,,,
800-501266,2-F-10,54,,,,
800-501023-02A,,,,,,
800-501023,,19,,,,
800-501023-01A,,,,,,
800-500302,,68,,,,
800-500303,1-F-7,50,,,,
800-500664-02A,,52,,,,
800-502745-01A,,,,,,
800-502746-01A,,,,,,
800-502747-01A,,53,,,,
800-500304,,89,,,,
800-501064,,90,,,,
800-501388-01A,,92,,,,
800-501388-02A,,9,,,,
800-500663-01A,,,,,,
800-500663,,15,,,,
800-501032,2-E-8,99,,,,
800-502403-01A,,,,,,
800-500289,,124,,,,
800-501683-01A,,,,,,
800-502374-01A,,,,,,
800-502736-02A,,,,,,
800-502736-03A,,,,,,
800-500295,,44,,,,
800-500664,2-D-2,80,,,,
800-500544,,27,,,,
800-501954-01A,,,,,,
800-500664-06A,,,,,,
800-501701-01A,,8,,,,
800-500665,,48,,,,
800-501702-01A,,,,,,
800-500286,1-B-6,118,,,,
800-500709,,106,,,,
800-500709-01A,,71,,,,
800-501702-07A,,,,,,
800-501702-02A,,,,,,
800-501702-03A,,,,,,
800-501703-01A,3-F-4,102,,,,
800-502498-02A,,220,,,,
800-500130,,,,,,
800-502498-01A,,,,,,
800-502415-01A,4-C-3,26,,,,
800-500298,,150,,,,
800-500684,4-F-1,25,,,,
800-500542,,,,,,
800-501149,,47,,,,
800-501080-01A,,,,,,
800-501107,,,,,,
800-501811-01A,,,,,,
800-501080,,,,,,
800-500294,,208,,,,
800-501137,,81,,,,
800-500681,,,,,,
800-502806-01A,,50,,,,
800-501475-01A,,,,,,
800-501852-01A,,,,,,
800-501475-04A,,,,,,
800-501862-02A,,72,,,,
800-500292,,43,,,,
800-500285,,22,,,,
800-501143-01A,,,,,,
800-501143,,,,,,
800-501366-01A,,1,,,,
800-501072,,,,,,
800-500683,,111,,,,
800-500831,2-B-6,141,,,,
800-501748-03A,,,,,,
800-500541,2-A-1,45,,,,
800-501748-01A,,,,,,
800-501849-02A,,,,,,
800-500942,,127,,,,
800-501031,,,,,,
800-500960,,,,,,
800-500960-02A,,,,,,
800-500297,,,,,,
800-501392-01A,,80,,,,
800-500293,,,,,,
800-501743-01A,,,,,,
800-500685,,72,,,,
800-500893,2-C-7,69,,,,
800-500682,,53,,,,
800-501749-01A,,,,,,
800-501107-01A,,,,,,
800-501011,,,,,,
800-501558-11A,,,,,,
800-500664-05A,,,,,,
800-501702-06A,,,,,,
800-501475-03A,,,,,,
800-502850-01A,,,,,,
800-500291,,14,,,,
800-500284,,65,,,,
800-501893-01A,,11,,,,
800-500539,,46,,,,
800-500830,4-B-5,10,,,,
800-500540,,,,,,
800-501010,,,,,,
800-501754-01A,,,,,,
800-501729-01A,,,,,,
800-502850-02A,,,,,,
800-501006,,16,,,,
800-501222,,,,,,
800-501812-01A,,,,,,
800-501039,,,,,,
800-501755-01A,,,,,,
800-500296,1-B-7,68,,,,
800-502861-01A,,,,,,
800-501514-01A,,9,,,,
800-500496,,50,,,,
800-501558-02A,,7,,,,
800-500829,,38,,,,
800-501751-01A,4-E-4,110,,,,
800-501012,,,,,,
800-501756-01A,,,,,,
800-502679-01A,,,,,,
800-500287,,,,,,
800-502624-01A,,,,,,
800-501758-03A,,,,,,
800-501070,,,,,,
800-501558-01A,3-C-3,29,,,,
800-500828,,19,,,,
800-501752-01A,,,,,,
800-501753-01A,,,,,,
800-502606-01A,,,,,,
800-501013,,,,,,
800-502607-01A,,,,,,
800-501757-01A,,,,,,
800-501758-01A,,,,,,
800-502842-01A,,,,,,
800-501911-03A,,,,,,
800-502485-01A,,,,,,
800-502395-01A,,,,,,
800-500718-01A,,,,,,
800-502486-03A,,,,,,
800-502486-01A,,,,,,
800-501341-01A,,,,,,
800-500336,,133,,,,
800-502965-07A,,,,,,
800-500763-06A,,,,,,
800-501309-02A,,,,,,
800-501309-01A,,,,,,
800-501850-04A,,,,,,
800-501849-03A,,,,,,
,,,,,,
800-501558-08A,,5,,,,
800-500763-11A,,38,,,,
800-501915-01A,,67,,,,
800-501232-01A,,25,,,,
800-500235,,6,,,,
800-500763-14A,2-F-4,633,,,,
800-500379-01,,,,,,
800-502264-01A,,,,,,
800-501018,,,,,,
800-502064-01A,,,,,,
800-502070-01A,,,,,,
800-502070-02A,,,,,,
800-500502,,,,,,
800-500006-01A,9-A-1,547,,,,
800-500006-02A,,573,,,,
800-500503,,,,,,
800-502050-01A,,,,,,
800-500006-05A,,192,,,,
800-500006-03A,,92,,,,
800-501764-01A,,,,,,
800-500505,,,,,,
800-501569-01A,,-103,,,,
800-501035,,,,,,
800-501035-01A,,,,,,
800-502212-01A,,,,,,
800-501021,,8663,,,,
800-500380,,6352,,,,
800-502051-01A,,98,,,,
800-501058,,46,,,,
800-501022,,,,,,
800-500007,,,,,,
800-500510,,,,,,
800-500370,,,,,,
800-500010,,,,,,
800-501935-01A,,,,,,
800-501971-01A,,1175,,,,
800-500012,,86,,,,
800-500012-01A,,1193,,,,
800-500785,,,,,,
800-502752-01A,,,,,,
800-500017,,100,,,,
800-500016,,85,,,,
800-500018,,,,,,
800-500019,,73,,,,
800-500006,,,,,,
800-500775,,-11,,,,
800-501065,,,,,,
800-500772,,,,,,
800-500032,,213,,,,
,,5,,,,
800-500036,,48,,,,
800-500027,,,,,,
800-500028,,,,,,
800-500029,,,,,,
800-500040,,,,,,
800-500354,,,,,,
800-502237-01A,,,,,,
800-500042,,,,,,
800-500044,,,,,,
800-500355,,,,,,
800-500046,,,,,,
,,8,,,,
800-500049,,1000,,,,
800-500050,,,,,,
800-500052,,,,,,
800-500053,,,,,,
800-500055,,35,,,,
800-500056,,144,,,,
800-500057,,,,,,
800-500058,,95,,,,
800-500059,,,,,,
800-500780,,,,,,
800-500062,1-B-1,5,,,,
800-500064,,,,,,
800-500065,,,,,,
800-500066,,,,,,
800-500068,,45,,,,
800-500069,,54,,,,
800-500071,,,,,,
800-500072,,,,,,
800-500356,,,,,,
800-500469,,133,,,,
800-500074,,51,,,,
800-500075,,,,,,
800-500076,,,,,,
800-500077,,61,,,,
800-500357,,,,,,
800-500079,,,,,,
800-500081,,,,,,
800-500082,,,,,,
800-500083,,,,,,
800-500084,,,,,,
800-500085,,,,,,
800-500086,,,,,,
800-500088,,50,,,,
800-500089,,54,,,,
800-500373,,,,,,
,,4,,,,
800-500091,,,,,,
800-500092,,,,,,
800-500093,,52,,,,
800-500094,,44,,,,
800-500096,,,,,,
800-500097,,,,,,
800-500098,,,,,,
800-500099,,,,,,
800-500100,,,,,,
800-500103,,,,,,
800-500104,,,,,,
800-500105,,,,,,
800-500106,,49,,,,
800-500108,,,,,,
800-500109,,,,,,
800-500110,,,,,,
800-500111,,42,,,,
800-500112,,,,,,
800-500114,,,,,,
800-500115,,,,,,
800-500117,,53,,,,
800-500359,,,,,,
800-500118,,,,,,
800-501059,2-F-8,145,,,,
,,9,,,,
800-500120,1-C-1,120,,,,
800-500121,,,,,,
800-500122,,11,,,,
800-500124,,,,,,
800-501760-01A,,,,,,
800-501253,4-F-5,10,,,,
800-500160,1-C-2,96,,,,
800-501074,,,,,,
800-500162,1-E-2,70,,,,
800-500173,1-A-3,23,,,,
800-501083,,,,,,
800-500175-02A,1-D-3,58,,,,
800-500148,1-B-2,119,,,,
800-500175,1-C-3,26,,,,
800-501367-01A,,,,,,
800-501695-01A,,,,,,
800-500803,,,,,,
800-501296,,,,,,
800-501099,,,,,,
800-500161,1-D-2,8,,,,
800-500172,1-F-2,76,,,,
800-501191,,,,,,
800-500174,1-B-3,117,,,,
800-501025,4-A-3,86,,,,
800-501004,,,,,,
800-501144,,44,,,,
800-500177-02,,,,,,
800-501026,,,,,,
800-501866-01A,,,,,,
800-500701,,56,,,,
800-500745,,12,,,,
800-502010-01A,,,,,,
800-501037,,,,,,
800-500176,,,,,,
800-501243,,,,,,
800-501244,,,,,,
800-500309,,,,,,
800-500934,,,,,,
800-502057-01A,,15,,,,
800-500834,,11,,,,
800-501209,,,,,,
800-500314,,66,,,,
800-501127,,10,,,,
800-500311-01A,,,,,,
800-501444-01A,,,,,,
800-500890,,,,,,
800-502311-02A,,,,,,
800-500632,,,,,,
800-501622-01A,,,,,,
800-500834-01A,,,,,,
800-500834-02A,,,,,,
800-500832,2-C-6,46,,,,
800-500311,,,,,,
800-500832-03A,4-C-1,4,,,,
800-500832-05A,,,,,,
800-500312,,,,,,
800-502193-01A,,22,,,,
800-500924,,,,,,
800-501254,,,,,,
800-501541,,,,,,
800-500625,,,,,,
800-500625-01A,,,,,,
800-500891,,,,,,
800-500817,,,,,,
800-501542-01A,,,,,,
800-500931,,,,,,
800-500711,,,,,,
800-500892-01A,,,,,,
800-500892-02A,,,,,,
800-500892-03A,,,,,,
800-501616-01A,,,,,,
800-500315,,,,,,
800-500892,,,,,,
800-501158-01,,,,,,
800-500140,,,,,,
800-500324,,,,,,
800-500833,,,,,,
800-500713,,,,,,
800-501436-01A,,,,,,
800-500308,,,,,,
800-501201,,,,,,
800-500310,,,,,,
800-501201-07A,,,,,,
800-501432-01A,,,,,,
800-500921,,,,,,
800-500334,,,,,,
800-501053,,,,,,
800-500922,,,,,,
800-502931-19A,,,,,,
800-502931-11A,,,,,,
800-502931-16A,,,,,,
800-502931-17A,,,,,,
800-502931-18A,,,,,,
800-502931-20A,,,,,,
800-502931-08A,,,,,,
800-502931-03A,,,,,,
800-502931-06A,,2,,,,
800-502931-10A,,27,,,,
800-502931-04A,,,,,,
800-502931-12A,,6,,,,
800-502931-09A,,4,,,,
800-502931-13A,,6,,,,
800-502931-05A,,12,,,,
800-502931-07A,,2,,,,
800-502931-02A,,5,,,,
800-502932-05A,,12,,,,
800-502932-06A,,,,,,
800-502932-01A,,,,,,
800-502932-03A,,,,,,
800-502932-02A,,,,,,
800-502933-02A,,5,,,,
800-502934-03A,,,,,,
800-502934-04A,,,,,,
800-502935-02A,,,,,,
800-502935-01A,,,,,,
800-501506-01A,,,,,,
800-501927-01A,,,,,,
800-501307-02A,,,,,,
800-501865-01A,,,,,,
800-501895-01A,,,,,,
800-501896-01A,,,,,,
800-501897-01A,,,,,,
800-500281-01,,,,,,
800-501832-01A,,,,,,
800-500280,,50,,,,
800-500279,,,,,,
800-501928-01A,,,,,,
800-501342-01A,,,,,,
800-500277,,,,,,
800-501798-01A,,,,,,
800-500275,,,,,,
800-500251,,,,,,
800-501707-01A,,,,,,
800-500274,,,,,,
800-500273,,,,,,
800-500272,,,,,,
800-501343-01A,,,,,,
800-500281-04,,9,,,,
800-500270-01,,,,,,
800-501154-01,,,,,,
800-500270,,,,,,
800-501154,,,,,,
800-500264-01,,0,,,,
800-500281-05,,,,,,
800-500269,,,,,,
800-500254,,5,,,,
800-501924-01A,,,,,,
800-501923-01a,,,,,,
800-500268,,,,,,
800-500970,,24,,,,
800-501130,,,,,,
800-500267,,,,,,
800-501390-01A,,,,,,
800-500250,,,,,,
800-500266,,25,,,,
800-501391-01A,,,,,,
800-500266-05,,,,,,
800-501462-01,,,,,,
800-500265,,27,,,,
800-500266-04A,,,,,,
800-500263,,,,,,
800-500262,,,,,,
800-500261,,,,,,
800-500266-03A,,,,,,
800-500266-02,,,,,,
800-500266-01A,,63,,,,
800-500260,,,,,,
800-500259,,,,,,
800-500253-07A,4-B-1,25,,,,
800-500258,,,,,,
800-500253-05,,,,,,
800-500257,,,,,,
800-500276,,25,,,,
800-500253-02A,,,,,,
800-500253-01A,,,,,,
800-501856-01A,,,,,,
800-501857-01A,,,,,,
800-500256,,,,,,
800-501397-01A,,,,,,
800-501858-01A,,,,,,
800-500252,4-E-1,10,,,,
800-501060,,,,,,
800-500255,,,,,,
800-501398-01A,,,,,,
800-501399-01A,,,,,,
800-500253-09,4-B-4,23,,,,
800-500972,,,,,,
800-501680-01A,,,,,,
800-500971,,,,,,
800-501679-01A,,18,,,,
800-501678-01A,,,,,,
800-501708-01A,,,,,,
800-502191-01A,,,,,,
800-501767-01A,,,,,,
800-502192-01A,,,,,,
800-500253-08A,,27,,,,
800-501402-01A,,,,,,
800-500253-10A,4-A-1,16,,,,
800-501461-01A,,,,,,
800-501792-01A,,,,,,
800-500695,,,,,,
800-501888-01A,,,,,,
800-501532-01A,,,,,,
800-500363,,,,,,
800-500827,,,,,,
800-500703,,,,,,
800-500586,,,,,,
800-500597,,,,,,
800-500497,,,,,,
800-500399,,,,,,
800-500393,,,,,,
800-500365,,,,,,
800-500367,,,,,,
800-502236-01A,,,,,,
800-500398,,,,,,
800-500392,,,,,,
800-500397,,,,,,
800-500391,,,,,,
800-500396,,,,,,
800-500394,,,,,,
800-500565,,,,,,
800-500578,,,,,,
800-500364,,,,,,
800-500395,,,,,,
800-500366,,,,,,
800-500390,,,,,,
800-500619,,,,,,
800-500612,,4,,,,
800-500669,,,,,,
800-500574,,,,,,
800-500702,,,,,,
800-500705,,,,,,
800-500569,,,,,,
800-500560,,,,,,
800-500642,,,,,,
800-500562,,18,,,,
800-500968,,,,,,
800-500639,,,,,,
800-500596,,,,,,
800-500905,,,,,,
800-500427,,,,,,
800-500430,,,,,,
800-500641,,,,,,
800-500904,,1,,,,
800-500545,,,,,,
800-500546,,,,,,
800-500570,,,,,,
800-500561,,,,,,
800-500618,,,,,,
800-500429,,,,,,
800-500627,,,,,,
800-500598,,,,,,
800-500611,,,,,,
800-500599,,,,,,
800-500558,,,,,,
800-500567,,,,,,
800-500600,,,,,,
800-500628,,,,,,
800-500910,,,,,,
800-500629,,,,,,
800-500613,,,,,,
800-501153-02,,,,,,
800-500253-03A,1-B-4,114,,,,
800-500646,,,,,,
800-500650,,,,,,
800-500853,,,,,,
800-500706,4-C-5,94,,,,
800-500754,,,,,,
800-500757,,,,,,
800-500823,,,,,,
800-500651,,,,,,
800-500559,,,,,,
800-500368,,,,,,
800-500579,,,,,,
800-500788,,,,,,
800-500610,,,,,,
800-500617,,,,,,
800-500428,,,,,,
800-500752,,,,,,
800-500756,,,,,,
800-500492,,,,,,
800-500976,,,,,,
800-500704,,,,,,
800-500707,,,,,,
800-500616,,,,,,
800-500708,2-F-3,155,,,,
800-500671,,,,,,
800-500563,,,,,,
800-500840,,,,,,
800-500674,,,,,,
800-500670,,,,,,
800-500673,,47,,,,
800-500566,,,,,,
800-500753,,,,,,
800-500499,,,,,,
800-500495,,,,,,
800-500498,,,,,,
800-500387,,,,,,
800-500908,,36,,,,
800-500389,4-C-2,48,,,,
800-500589,,,,,,
800-500603,,108,,,,
800-500647,,,,,,
800-500623,,,,,,
800-500590,,,,,,
800-500977,,,,,,
800-500837,,,,,,
800-500652,,7,,,,
800-500676,,,,,,
800-500852,,,,,,
800-500851,,,,,,
800-500388,,,,,,
800-500850,,,,,,
800-500813,,,,,,
800-500849,,,,,,
800-500638,,,,,,
800-500591,,37,,,,
800-500854,,,,,,
800-500838,,,,,,
800-500588,,,,,,
800-500848,,,,,,
800-500587,,,,,,
800-500847,,,,,,
800-500789,4-A-5,253,,,,
800-500672,,,,,,
800-500564,,,,,,
800-500825,,,,,,
800-500386,4-D-1,28,,,,
800-500602,,,,,,
800-500622,,,,,,
800-500592,,,,,,
800-500978,,,,,,
800-500846,,,,,,
800-500814,,,,,,
800-500845,,,,,,
800-500812,,,,,,
800-500601,,,,,,
800-500621,,,,,,
800-500787,,,,,,
800-500675,4-D-2,10,,,,
800-500677,,,,,,
800-501153-01,,,,,,
800-500824,,,,,,
800-500811,,,,,,
800-500909,,,,,,
800-500810,,8,,,,
800-501277,,,,,,
800-500532,,,,,,
800-500593,,,,,,
800-500648,,,,,,
800-501034,,,,,,
800-500531,,17,,,,
800-501041,,,,,,
800-500530,,21,,,,
800-500700,,,,,,
800-500790,,,,,,
800-500640,,,,,,
800-500614,,,,,,
800-500637,,,,,,
800-500620,,,,,,
800-501042,,,,,,
800-500630,,,,,,
800-500755,,,,,,
800-500758,,,,,,
800-500804,,,,,,
800-501043,,,,,,
800-500791,,,,,,
800-500876,,,,,,
800-500806,,,,,,
800-501044,,,,,,
800-500792,,,,,,
800-500915,,,,,,
800-500969,,,,,,
800-500911,,,,,,
800-500855,,,,,,
800-500865,,,,,,
800-500760,,,,,,
800-500866,,,,,,
800-500759,,,,,,
800-500912,,,,,,
800-500900,,,,,,
800-500746,,,,,,
800-500807,,,,,,
800-500863,,,,,,
800-500856,,,,,,
800-500867,,,,,,
800-500808,,,,,,
800-500868,,50,,,,
800-500906,,,,,,
800-501081,,,,,,
800-501274,,,,,,
800-501045,,,,,,
800-500793,,,,,,
800-500869,,,,,,
800-500907,,,,,,
800-500862,,,,,,
800-500857,,,,,,
800-500917,,,,,,
800-500582,,,,,,
800-500916,,,,,,
800-500583,,,,,,
800-500864,,,,,,
800-500858,,,,,,
800-500870,,,,,,
800-500877,,,,,,
800-500615,,,,,,
800-500859,,,,,,
800-500871,,,,,,
800-500584,,,,,,
800-500872,,,,,,
800-500809,,,,,,
800-500913,,,,,,
800-500860,,,,,,
800-500873,,,,,,
800-500878,,,,,,
800-500874,,,,,,
800-500585,,,,,,
800-500914,,,,,,
800-500901,,,,,,
800-500875,,,,,,
800-500879,,,,,,
800-500805-01,,,,,,
800-500234,,,,,,
800-500678,,,,,,
800-501275,,,,,,
800-500805,,,,,,
800-501256,,,,,,
800-500595,,,,,,
800-500861,,,,,,
800-500570-01,,,,,,
800-500594,,,,,,
800-500604,,,,,,
800-500586-01A,,,,,,
800-500393-01A,,,,,,
800-500365-01A,,,,,,
800-500367-01A,,,,,,
800-500391-01B,,,,,,
800-501554-02A,,,,,,
800-500394-01B,,,,,,
800-500395-01B,,,,,,
800-500619-02A,,,,,,
800-500612-01A,,,,,,
800-500669-01A,,,,,,
800-500574-01A,,,,,,
800-500705-01B,,,,,,
800-500560-01A,,,,,,
800-500569-01A,,,,,,
800-500562-01A,,,,,,
800-500639-01B,,,,,,
800-500596-01A,,,,,,
800-500905-02A,,,,,,
800-502741-01A,,,,,,
800-502205-01A,,,,,,
800-501512-01A,,,,,,
800-501538-01A,,,,,,
800-501537-01A,,,,,,
800-502546-01A,,,,,,
800-500570-01B,,,,,,
800-500618-01A,,,,,,
800-500429-01A,,,,,,
800-500599-01A,,,,,,
800-500611-01A,,,,,,
800-500567-01A,,,,,,
800-500600-01A,,,,,,
800-500628-01A,,,,,,
800-500646-01A,,,,,,
800-500650-01A,,11,,,,
800-500754-01B,,,,,,
800-500823-01A,,,,,,
800-500651-01B,,,,,,
800-500568-01A,,,,,,
800-500579-01B,,,,,,
800-500368-01B,,,,,,
800-501881-01A,,,,,,
800-500610-01B,,,,,,
800-500428-01A,,,,,,
800-500752-01A,,,,,,
800-500756-01A,,,,,,
800-500976-01A,,,,,,
800-500492-01B,,,,,,
800-500704-01A,,,,,,
800-500707-01A,,,,,,
800-502031-01A,,,,,,
800-500563-01B,,,,,,
800-500674-01A,,,,,,
800-500753-01B,,,,,,
800-500566-01B,,,,,,
800-501905-01A,,,,,,
800-501081-01A,,,,,,
800-500603-01A,,,,,,
800-500589-01A,,,,,,
800-500623-01B,,,,,,
800-502322-01A,,,,,,
800-502317-01A,,,,,,
800-500837-01A,,,,,,
800-500652-01A,,,,,,
800-500852-01A,,,,,,
800-500676-01B,,,,,,
800-502439-01A,,,,,,
800-500850-01A,,,,,,
800-500813-01A,,,,,,
800-500638-01A,,,,,,
800-502019-01A,,,,,,
800-502018-01A,,,,,,
800-502251-01A,,,,,,
800-500564-01B,,,,,,
800-500602-01B,,,,,,
800-500812-01B,,,,,,
800-500601-01A,,,,,,
800-500621-01A,,,,,,
800-500787-01A,,,,,,
800-500675-01A,,,,,,
800-501153-03A,,,,,,
800-500677-01A,,,,,,
800-502438-01A,,,,,,
800-500824-01A,,,,,,
800-500811-01A,,,,,,
800-500909-02A,,,,,,
800-500909-03A,,,,,,
800-500909-01A,,,,,,
800-500532-01B,,,,,,
800-501041-01A,,,,,,
800-500530-01A,,,,,,
800-500790-01A,2-C-5,58,,,,
800-500620-01A,,,,,,
800-500614-01A,,,,,,
800-502523-02A,,,,,,
800-501716-01A,4-E-2,24,,,,
800-501043-01A,,,,,,
800-500791-01A,,,,,,
800-500806-01B,,,,,,
800-502528-01A,,,,,,
800-500865-01A,,,,,,
800-500760-01A,,,,,,
800-500746-01A,,,,,,
800-502524-03A,,,,,,
800-502524-02A,,,,,,
800-501045-01A,,,,,,
800-500793-01A,,,,,,
800-500858-01A,,,,,,
800-500864-02A,,,,,,
800-500877-01A,,,,,,
800-501531-01A,,,,,,
800-501269-03A,,,,,,
800-502206-01A,,,,,,
800-501164,,,,,,
800-501871-01A,,,,,,
800-501269-01A,,,,,,
800-501552-01A,,,,,,
800-501129,,,,,,
800-502293-01A,,,,,,
800-500444,,,,,,
800-502805-01A,,,,,,
800-500491,,,,,,
800-501239,,,,,,
800-500441,,,,,,
800-500538,,66,,,,
800-500443,,-2,,,,
800-501179,4-B-3,15,,,,
800-501179-01A,,,,,,
800-501854-01A,,,,,,
800-502647-01A,,,,,,
800-501210,,,,,,
800-501217,,,,,,
800-501136-01,,,,,,
800-501225,,,,,,
800-502749-03A,,,,,,
800-502459-01A,,,,,,
800-502687-01A,,,,,,
800-501203-01A,,,,,,
800-501203,,,,,,
800-501226-01A,,27,,,,
800-502742-01A,,,,,,
800-501733-01A,,,,,,
800-501211,,,,,,
800-501057,,,,,,
800-500581-01A,,,,,,
800-500005-02A,1-A-1,169,,,,
800-500935,4-B-2,20,,,,
800-501113,,,,,,
800-501837-01A,,,,,,
800-500231,,,,,,
800-501445-01A,,,,,,
800-501873-01A,,,,,,
800-500227,1-E-3,42,,,,
800-500227-01A,,,,,,
800-500228-04A,,,,,,
800-500228,,,,,,
800-500229-01A,1-F-3,4,,,,
800-501818-01A,,,,,,
800-501379-01A,,,,,,
800-501809-01A,,,,,,
800-500228-01A,,,,,,
800-501084,,,,,,
800-502994,,,,,,
800-500230-01A,,,,,,
800-500230,,,,,,
800-501817-01A,,,,,,
800-500923,,,,,,
800-500605-01A,,,,,,
800-501712,,,,,,
800-500889,,4,,,,
800-501713-01A,,11,,,,
800-500713-01A,,3,,,,
800-500919,,,,,,
800-501525-01A,3-A-3,116,,,,
800-501524-01A,,16,,,,
800-501523-01A,,15,,,,
800-501522-01A,3-D-2,111,,,,
800-501521-01A,3-C-2,69,,,,
800-501882-01A,,92,,,,
800-501920-01A,,,,,,
800-501557-01A,,44,,,,
800-501921-01A,,12,,,,
800-502931-21A,,3,,,,
800-501557-03A,,,,,,
800-502897-05A,,,,,,
800-501834-01A,,28,,,,
,,9,,,,
800-500602-02A,,,,,,
800-500306,,11,,,,
800-500772-01A,,1293,,,,
800-501660-01A,,25,,,,
800-500763-23A,2-B-5,298,,,,
800-501749-03A,4-A-2,34,,,,
800-501204-01A,,47,,,,
800-501659-02A,3-B-4,88,,,,
